low_out,up_out
0.20000000000000001,0.80000000000000004
30.0,100.0
